,allele,count,Kourami,HLA-LA,Hisatgenotype,STC-seq,Optitype,world_freq,Kourami-accuracy,HLA-LA-accuracy,Hisatgenotype-accuracy,STC-seq-accuracy,Optitype-accuracy,study_freq,freq_diff,freq_diff_rel,AFA_freq,API_freq,NAM_freq,HIS_freq,CAU_freq
108,B*81:01,16.0,10.0,16.0,16.0,14.0,16.0,0.0036999914835432676,0.625,1.0,1.0,0.875,1.0,0.009650180940892641,0.0059501894573493735,0.8914026378353371,0.01950166986910873,0.00038456997600780075,0.0007477242987032985,0.0018187115750623985,7.923446552319994e-05
115,C*18:01,12.0,7.0,11.0,12.0,9.0,12.0,0.005549368606174771,0.5833333333333334,0.9166666666666666,1.0,0.75,1.0,0.007237635705669481,0.0016882670994947105,0.2640598311100771,0.03172355593689794,5.456953501690008e-05,0.0009026959931091995,0.002740816689436708,0.0002843045554929003
198,A*02:07,30.0,26.0,27.0,30.0,13.0,30.0,0.006155085501390282,0.8666666666666667,0.9,1.0,0.43333333333333335,1.0,0.018094089264173704,0.011939003762783423,0.9846936135523989,2.375075949979999e-05,0.03384898460011978,0.00010836584308500008,4.138886613140003e-05,0.00013100254021839982
97,C*15:05,12.0,6.0,12.0,10.0,8.0,11.0,0.007024328100828175,0.5,1.0,0.8333333333333334,0.6666666666666666,0.9166666666666666,0.007237635705669481,0.00021330760484130663,0.029912795704070586,0.01349712397465446,0.0134031426132896,0.0025816813766306973,0.0059820971986606665,0.004144363786018166
44,B*14:01,11.0,6.0,10.0,11.0,3.0,10.0,0.007187897927702783,0.5454545454545454,0.9090909090909091,1.0,0.2727272727272727,0.9090909090909091,0.0066344993968636915,0.0005533985308390915,0.0800727280289562,0.007713910255997937,0.002048364027473501,0.007898694497572703,0.008437317744999196,0.008503228000228274
105,B*58:02,21.0,12.0,19.0,18.0,9.0,18.0,0.007586149877156156,0.5714285714285714,0.9047619047619048,0.8571428571428571,0.42857142857142855,0.8571428571428571,0.012665862484921592,0.005079712607765436,0.501650158704948,0.04080840271972604,6.946970644189998e-05,0.0022676087838630985,0.0036647520716104943,0.00013787705130969974
104,A*02:02,25.0,19.0,24.0,23.0,15.0,24.0,0.00889382905746674,0.76,0.96,0.92,0.6,0.96,0.015078407720144753,0.006184578662678013,0.5159784395633874,0.04163285477776418,0.00019082183286929993,0.0020309290021877997,0.007583075509709284,0.001121275144952703
179,DRB1*16:01,12.0,12.0,7.0,12.0,7.0,0.0,0.010220137162608047,1.0,0.5833333333333334,1.0,0.5833333333333334,,0.007237635705669481,0.0029825014569385662,0.34168178030979673,0.001963969745801094,0.0005070813828299005,0.008392711645073082,0.009574911188705168,0.017445408006942574
120,DRB1*16:02,24.0,23.0,19.0,23.0,15.0,0.0,0.010552509429371118,0.9583333333333334,0.7916666666666666,0.9583333333333334,0.625,,0.014475271411338963,0.003922761981967844,0.3134726172435629,0.013879897509118656,0.017166435809636418,0.027128345475518706,0.020951001263701773,0.0018394884382378057
95,DRB1*03:02,33.0,32.0,33.0,6.0,23.0,0.0,0.01288176101202791,0.9696969696969697,1.0,0.18181818181818182,0.696969696969697,,0.019903498190591073,0.007021737178563163,0.42834721148108207,0.06305926699385453,0.00011079976958399983,0.0031967919642798023,0.01169678094079959,0.0003794310458685998
65,A*02:06,18.0,14.0,17.0,10.0,8.0,12.0,0.013960042700450686,0.7777777777777778,0.9444444444444444,0.5555555555555556,0.4444444444444444,0.6666666666666666,0.010856453558504222,0.0031035891419464636,0.25012307213404866,0.0007295349716756015,0.03572178828387858,0.028179487568746938,0.033104108556664985,0.0019527265020843013
106,B*45:01,30.0,25.0,30.0,29.0,13.0,26.0,0.014016715892238964,0.8333333333333334,1.0,0.9666666666666667,0.43333333333333335,0.8666666666666667,0.018094089264173704,0.00407737337193474,0.25395647054464915,0.04869037262380573,0.0010468615431209994,0.007092817535258402,0.01728884076620216,0.005401169995525814
69,B*35:03,20.0,16.0,20.0,19.0,6.0,19.0,0.017617691589427595,0.8,1.0,0.95,0.3,0.95,0.012062726176115802,0.005554965413311793,0.37431854613317916,0.0021611571165879874,0.03103231602891092,0.011832352859475507,0.015559737254108814,0.019058640869467434
54,B*13:02,39.0,24.0,37.0,37.0,16.0,38.0,0.019516942953987003,0.6153846153846154,0.9487179487179487,0.9487179487179487,0.41025641025641024,0.9743589743589743,0.023522316043425813,0.00400537308943881,0.18612648929107176,0.008099007944791478,0.018968687721125525,0.016020419998327783,0.012701023828323816,0.026802957163327066
75,DRB1*12:01,42.0,30.0,37.0,30.0,21.0,0.0,0.020137718197621172,0.7142857142857143,0.8809523809523809,0.7142857142857143,0.5,,0.025331724969843185,0.005194006772222013,0.2284614198195672,0.037280878906260397,0.020375622292927047,0.013643255153505202,0.011478936504381957,0.017469221525572093
84,B*58:01,42.0,27.0,39.0,36.0,15.0,39.0,0.022462435077339943,0.6428571428571429,0.9285714285714286,0.8571428571428571,0.35714285714285715,0.9285714285714286,0.025331724969843185,0.002869289892503242,0.12006863975308427,0.03817526914693445,0.05411867484467538,0.008753195506163986,0.013084410775360397,0.00846598125852205
59,DRB1*14:01,41.0,39.0,40.0,28.0,21.0,0.0,0.02327489533826369,0.9512195121951219,0.975609756097561,0.6829268292682927,0.5121951219512195,,0.024728588661037394,0.0014536933227737026,0.06056615902274376,0.018697793382924148,0.022104756863062958,0.02657816736707413,0.01817836021429153,0.02730849607304428
123,DQB1*06:01,43.0,25.0,43.0,40.0,7.0,0.0,0.025817120700547484,0.5813953488372093,1.0,0.9302325581395349,0.16279069767441862,,0.025934861278648975,0.00011774057810149188,0.004550186238232262,0.0022113788924657016,0.14064066904988792,0.009498952257630908,0.011516949313012725,0.009074837153197986
26,A*31:01,47.0,40.0,40.0,25.0,19.0,47.0,0.028473807010806453,0.851063829787234,0.851063829787234,0.5319148936170213,0.40425531914893614,1.0,0.028347406513872134,0.00012640049693431882,0.004449060098986466,0.009996217986770623,0.031347988755317614,0.06803111746477505,0.04592203561646515,0.02545296177543623
93,A*33:03,31.0,28.0,27.0,25.0,21.0,30.0,0.03020012772519355,0.9032258064516129,0.8709677419354839,0.8064516129032258,0.6774193548387096,0.967741935483871,0.018697225572979495,0.011502902152214056,0.4704918109604038,0.05219097676594741,0.1009465395874695,0.008741397839719105,0.007727252758215014,0.003951156969395803
53,A*23:01,49.0,37.0,47.0,48.0,33.0,47.0,0.034837739606952786,0.7551020408163265,0.9591836734693877,0.9795918367346939,0.673469387755102,0.9591836734693877,0.029553679131483716,0.0052840604754690705,0.1641231263107707,0.10897230834298237,0.0036567852856417894,0.019386647080084096,0.03422205891002061,0.02084543070573509
33,C*03:03,70.0,55.0,66.0,65.0,28.0,67.0,0.04194384371024278,0.7857142857142857,0.9428571428571428,0.9285714285714286,0.4,0.9571428571428572,0.04221954161640531,0.0002756979061625253,0.006551492792085513,0.012628940309552656,0.04641252340438889,0.041146269433829,0.033701993459467734,0.051253530829636997
35,DQB1*03:03,89.0,50.0,82.0,79.0,25.0,0.0,0.04363822447418481,0.5617977528089888,0.9213483146067416,0.8876404494382022,0.2808988764044944,,0.05367913148371532,0.01004090700953051,0.20635388026518608,0.01318803830204869,0.10363787444995043,0.047985817377270985,0.018917610065118703,0.043136094322096495
50,A*11:01,113.0,89.0,79.0,94.0,51.0,113.0,0.07009666440126881,0.7876106194690266,0.6991150442477876,0.831858407079646,0.45132743362831856,1.0,0.06815440289505428,0.0019422615062145293,0.028097598726692586,0.014255401375744286,0.1757559774457871,0.051164987293513965,0.046358338709253245,0.059035101425055005
22,DRB1*03:01,128.0,110.0,124.0,87.0,72.0,0.0,0.08786488623024678,0.859375,0.96875,0.6796875,0.5625,,0.07720144752714113,0.010663438703105654,0.1292018603718263,0.06954376532965093,0.05635385830078987,0.08849214080388779,0.07021828006202487,0.11410009288230685
0,A*03:01,190.0,167.0,179.0,134.0,84.0,189.0,0.09968793818524309,0.8789473684210526,0.9421052631578948,0.7052631578947368,0.4421052631578947,0.9947368421052631,0.11459589867310012,0.01490796048785703,0.1391421836236043,0.08309351860561127,0.03357263348993551,0.1023947312821512,0.08029210818832755,0.13961291853191074
40,A*24:02,152.0,126.0,144.0,117.0,76.0,152.0,0.10050033301615312,0.8289473684210527,0.9473684210526315,0.7697368421052632,0.5,1.0,0.09167671893848009,0.008823614077673028,0.0918279678861553,0.024811891465667684,0.17315465451399,0.12934916622015716,0.12347365479490566,0.08913034938759819
16,DQB1*03:02,167.0,110.0,157.0,148.0,69.0,0.0,0.10508089660532109,0.6586826347305389,0.9401197604790419,0.8862275449101796,0.41317365269461076,,0.10072376357056695,0.004357133034754143,0.04234241373378407,0.037756189053027946,0.07493012340482949,0.1431882385323028,0.18909040837899427,0.10349175336515605
34,A*01:01,113.0,96.0,102.0,88.0,52.0,113.0,0.10812930829309286,0.8495575221238938,0.9026548672566371,0.7787610619469026,0.46017699115044247,1.0,0.06815440289505428,0.03997490539803858,0.45352920163308186,0.0468283563299204,0.07137442576488445,0.11840051411396676,0.07292969617936845,0.15882664001323477
1,A*02:01,348.0,298.0,326.0,215.0,166.0,345.0,0.20171574135167478,0.8563218390804598,0.9367816091954023,0.617816091954023,0.47701149425287354,0.9913793103448276,0.20989143546441497,0.00817569411274019,0.03972571215099669,0.1222308588824075,0.08435056888497633,0.26508296716544916,0.20955469349275005,0.27159702180401585
